,종목코드
0,000020
1,000040
2,000050
3,000070
4,000080
5,000100
6,000120
7,000140
8,000150
9,000180
10,000210
11,000220
12,000230
13,000240
14,000270
15,000320
16,000370
17,000390
18,000400
19,000430
20,000480
21,000490
22,000500
23,000520
24,000540
25,000590
26,000640
27,000650
28,000660
29,000670
30,000680
31,000700
32,000720
33,000760
34,000810
35,000850
36,000860
37,000880
38,000890
39,000910
40,000950
41,000970
42,000990
43,001020
44,001040
45,001060
46,001070
47,001120
48,001130
49,001200
50,001210
51,001230
52,001250
53,001260
54,001270
55,001290
56,001360
57,001380
58,001390
59,001420
60,001430
61,001440
62,001450
63,001460
64,001500
65,001510
66,001520
67,001530
68,001550
69,001560
70,001620
71,001630
72,001680
73,001720
74,001740
75,001750
76,001770
77,001780
78,001790
79,001800
80,001820
81,001940
82,002020
83,002030
84,002070
85,002100
86,002140
87,002150
88,002170
89,002200
90,002220
91,002240
92,002310
93,002320
94,002350
95,002360
96,002380
97,002390
98,002450
99,002460
100,002600
101,002620
102,002630
103,002690
104,002700
105,002710
106,002720
107,002760
108,002780
109,002790
110,002810
111,002820
112,002840
113,002870
114,002880
115,002900
116,002920
117,002960
118,002990
119,003000
120,003010
121,003030
122,003060
123,003070
124,003080
125,003090
126,003120
127,003160
128,003200
129,003220
130,003230
131,003240
132,003300
133,003350
134,003460
135,003470
136,003480
137,003490
138,003520
139,003530
140,003540
141,003550
142,003570
143,003580
144,003610
145,003650
146,003670
147,003680
148,003690
149,003720
150,003780
151,003830
152,003850
153,003920
154,003960
155,004000
156,004020
157,004060
158,004080
159,004090
160,004100
161,004140
162,004150
163,004170
164,004250
165,004270
166,004310
167,004360
168,004370
169,004410
170,004430
171,004440
172,004450
173,004490
174,004540
175,004560
176,004690
177,004700
178,004710
179,004720
180,004770
181,004800
182,004830
183,004840
184,004870
185,004890
186,004910
187,004920
188,004960
189,004970
190,004980
191,004990
192,005010
193,005070
194,005090
195,005180
196,005250
197,005300
198,005320
199,005360
200,005380
201,005420
202,005430
203,005440
204,005490
205,005500
206,005610
207,005680
208,005690
209,005720
210,005740
211,005750
212,005800
213,005810
214,005820
215,005830
216,005850
217,005870
218,005880
219,005930
220,005940
221,005950
222,005960
223,006040
224,006060
225,006090
226,006110
227,006120
228,006200
229,006220
230,006260
231,006280
232,006340
233,006360
234,006370
235,006400
236,006490
237,006570
238,006650
239,006660
240,006740
241,006800
242,006840
243,006880
244,006890
245,006980
246,007070
247,007110
248,007120
249,007160
250,007210
251,007280
252,007310
253,007340
254,007460
255,007540
256,007570
257,007590
258,007660
259,007690
260,007700
261,007810
262,007860
263,007980
264,008040
265,008060
266,008250
267,008260
268,008350
269,008420
270,008490
271,008600
272,008700
273,008730
274,008770
275,008870
276,008930
277,008970
278,009070
279,009140
280,009150
281,009160
282,009180
283,009190
284,009200
285,009240
286,009270
287,009290
288,009310
289,009320
290,009420
291,009450
292,009460
293,009470
294,009540
295,009580
296,009680
297,009770
298,009810
299,009830
300,009900
301,009970
302,010040
303,010060
304,010100
305,010120
306,010130
307,010140
308,010400
309,010640
310,010660
311,010690
312,010770
313,010780
314,010820
315,010950
316,010960
317,011000
318,011070
319,011090
320,011150
321,011170
322,011200
323,011210
324,011230
325,011280
326,011330
327,011390
328,011420
329,011500
330,011700
331,011760
332,011780
333,011790
334,011930
335,012030
336,012160
337,012200
338,012280
339,012320
340,012330
341,012450
342,012510
343,012610
344,012630
345,012690
346,012750
347,012800
348,013000
349,013360
350,013520
351,013570
352,013580
353,013700
354,013870
355,013890
356,014130
357,014160
358,014280
359,014440
360,014530
361,014580
362,014680
363,014710
364,014790
365,014820
366,014830
367,014910
368,014990
369,015020
370,015230
371,015260
372,015360
373,015760
374,015860
375,015890
376,016090
377,016360
378,016380
379,016450
380,016580
381,016610
382,016710
383,016740
384,016800
385,016880
386,017040
387,017180
388,017370
389,017390
390,017550
391,017670
392,017800
393,017810
394,017900
395,017940
396,017960
397,018250
398,018260
399,018470
400,018500
401,018670
402,018880
403,019170
404,019180
405,019680
406,020000
407,020120
408,020150
409,020560
410,021050
411,021240
412,022100
413,023000
414,023150
415,023350
416,023450
417,023530
418,023590
419,023800
420,023810
421,023960
422,024070
423,024090
424,024110
425,024720
426,024890
427,024900
428,025000
429,025530
430,025540
431,025560
432,025620
433,025750
434,025820
435,025860
436,025890
437,026890
438,026940
439,026960
440,027410
441,027740
442,027970
443,028050
444,028100
445,028260
446,028670
447,029460
448,029530
449,029780
450,030000
451,030190
452,030200
453,030210
454,030610
455,030720
456,031430
457,031440
458,031820
459,032350
460,032560
461,032640
462,032830
463,033240
464,033250
465,033270
466,033530
467,033780
468,033920
469,034020
470,034120
471,034220
472,034230
473,034310
474,034590
475,034730
476,034830
477,035000
478,035150
479,035250
480,035420
481,035510
482,035720
483,036420
484,036460
485,036530
486,036570
487,036580
488,037270
489,037560
490,037710
491,039130
492,039490
493,039570
494,041650
495,042660
496,042700
497,044380
498,044450
499,044820
500,047040
501,047050
502,047400
503,047810
504,049800
505,051600
506,051630
507,051900
508,051910
509,052690
510,053210
511,053690
512,055490
513,055550
514,057050
515,058430
516,058650
517,058730
518,058850
519,058860
520,060980
521,063160
522,064350
523,064960
524,066570
525,066970
526,067830
527,068270
528,068290
529,069260
530,069460
531,069620
532,069640
533,069730
534,069960
535,070960
536,071050
537,071090
538,071320
539,071840
540,071950
541,071970
542,072130
543,072710
544,073240
545,075180
546,075580
547,077500
548,077970
549,078000
550,078520
551,078930
552,079160
553,079430
554,079550
555,079980
556,081000
557,081660
558,082640
559,082740
560,083420
561,084010
562,084670
563,084680
564,084690
565,084870
566,085310
567,085620
568,086280
569,086790
570,088260
571,088350
572,088790
573,088980
574,089470
575,089590
576,089860
577,090080
578,090350
579,090370
580,090430
581,090460
582,091810
583,092200
584,092220
585,092230
586,092440
587,092780
588,093050
589,093240
590,093370
591,094280
592,094800
593,095570
594,095720
595,096760
596,096770
597,097230
598,097520
599,097950
600,100090
601,100220
602,100250
603,100840
604,101530
605,102260
606,102460
607,103140
608,103590
609,104700
610,105560
611,105630
612,105840
613,107590
614,108320
615,108670
616,111110
617,111770
618,112610
619,114090
620,117580
621,118000
622,120030
623,120110
624,122900
625,123690
626,123700
627,123890
628,126560
629,128820
630,128940
631,129260
632,130660
633,133820
634,134380
635,134790
636,136490
637,137310
638,138040
639,138490
640,138930
641,139130
642,139480
643,139990
644,143210
645,145270
646,145720
647,145990
648,152550
649,155660
650,161000
651,161390
652,161890
653,163560
654,170900
655,175330
656,178920
657,180640
658,181710
659,183190
660,185750
661,192080
662,192400
663,192650
664,192820
665,194370
666,195870
667,200880
668,204320
669,207940
670,210540
671,210980
672,213500
673,214320
674,214330
675,214420
676,226320
677,227840
678,229640
679,234080
680,241560
681,241590
682,244920
683,248070
684,248170
685,249420
686,251270
687,259960
688,264900
689,267250
690,267260
691,267270
692,267290
693,267850
694,268280
695,271560
696,271940
697,271980
698,272210
699,272450
700,272550
701,280360
702,281820
703,282330
704,284740
705,285130
706,286940
707,293480
708,293940
709,294870
710,298020
711,298040
712,298050
713,298690
714,300720
715,302440
716,306200
717,307950
718,308170
719,316140
720,317400
721,322000
722,323410
723,326030
724,329180
725,330590
726,334890
727,336260
728,336370
729,338100
730,339770
731,344820
732,348950
733,350520
734,352820
735,353200
736,357120
737,357250
738,361610
739,363280
740,365550
741,372910
742,373220
743,375500
744,377190
745,377300
746,378850
747,381970
748,383220
749,383800
750,395400
751,396690
752,400760
753,402340
754,404990
755,900140
756,950210
