,,ret,sharpe,mdd,route_dist
DQN 매칭,valid,0.00444483737413881,0.18894732038637627,-0.0811160254613853,{30: 92}
DQN 매칭,test,0.08025261690125918,3.033234075945942,-0.033605059546732985,{30: 195}
DDQN 매칭,valid,0.030186796082260825,0.914035276804468,-0.06200302902184107,{-30: 92}
DDQN 매칭,test,0.06662674863238305,1.3101159573692962,-0.07350249263647823,{-30: 195}
β=-90 단독,valid,-0.04627472772555907,-0.3730598184951272,-0.1497280121476946,
β=-30 단독,valid,0.030186796082260825,0.914035276804468,-0.06200302902184107,
β=30 단독,valid,0.00444483737413881,0.18894732038637627,-0.0811160254613853,
β=90 단독,valid,-0.2074862200457821,-1.2839783623467327,-0.30589939068054717,
β=-90 단독,test,0.03576316403297897,0.4705734362918585,-0.1305692545508399,
β=-30 단독,test,0.06662674863238305,1.3101159573692962,-0.07350249263647823,
β=30 단독,test,0.08025261690125918,3.033234075945942,-0.033605059546732985,
β=90 단독,test,-0.24681377588658138,-1.1750797925854748,-0.38923078326812344,
