종목코드,종목명,상태,행수,시작일,종료일
279570,케이뱅크,OK,42,2026-03-05 00:00:00,2026-05-04 00:00:00
217590,티엠씨,OK,93,2025-12-15 00:00:00,2026-05-04 00:00:00
317450,명인제약,OK,141,2025-10-01 00:00:00,2026-05-04 00:00:00
439260,대한조선,OK,182,2025-08-01 00:00:00,2026-05-04 00:00:00
483650,달바글로벌,OK,231,2025-05-22 00:00:00,2026-05-04 00:00:00
480370,씨케이솔루션,OK,277,2025-03-17 00:00:00,2026-05-04 00:00:00
031210,서울보증보험,OK,277,2025-03-14 00:00:00,2026-05-04 00:00:00
064400,LG씨엔에스,OK,304,2025-02-05 00:00:00,2026-05-04 00:00:00
499790,GS피앤엘,OK,328,2024-12-23 00:00:00,2026-05-04 00:00:00
484870,엠앤씨솔루션,OK,333,2024-12-16 00:00:00,2026-05-04 00:00:00
415640,KB발해인프라,OK,345,2024-11-29 00:00:00,2026-05-04 00:00:00
475560,더본코리아,OK,361,2024-11-06 00:00:00,2026-05-04 00:00:00
489790,한화비전,OK,386,2024-09-27 00:00:00,2026-05-04 00:00:00
079900,전진건설로봇,OK,412,2024-08-19 00:00:00,2026-05-04 00:00:00
487570,HS효성,OK,426,2024-07-29 00:00:00,2026-05-04 00:00:00
062040,산일전기,OK,427,2024-07-29 00:00:00,2026-05-04 00:00:00
462870,시프트업,OK,439,2024-07-11 00:00:00,2026-05-04 00:00:00
481850,신한글로벌액티브리츠,OK,446,2024-07-01 00:00:00,2026-05-04 00:00:00
034230,파라다이스,OK,1552,2020-01-02 00:00:00,2026-05-04 00:00:00
443060,HD현대마린솔루션,OK,482,2024-05-08 00:00:00,2026-05-04 00:00:00
475150,SK이터닉스,OK,508,2024-03-29 00:00:00,2026-05-04 00:00:00
278470,에이피알,OK,529,2024-02-27 00:00:00,2026-05-04 00:00:00
066970,엘앤에프,OK,1552,2020-01-02 00:00:00,2026-05-04 00:00:00
022100,포스코DX,OK,1552,2020-01-02 00:00:00,2026-05-04 00:00:00
017860,DS단석,OK,571,2023-12-22 00:00:00,2026-05-04 00:00:00
111380,동인기연,OK,594,2023-11-21 00:00:00,2026-05-04 00:00:00
450080,에코프로머티,OK,596,2023-11-17 00:00:00,2026-05-04 00:00:00
454910,두산로보틱스,OK,626,2023-10-05 00:00:00,2026-05-04 00:00:00
465770,STX그린로지스,OK,636,2023-09-15 00:00:00,2026-05-04 00:00:00
092790,넥스틸,OK,656,2023-08-21 00:00:00,2026-05-04 00:00:00
030190,NICE평가정보,OK,1552,2020-01-02 00:00:00,2026-05-04 00:00:00
462520,조선내화,OK,671,2023-07-28 00:00:00,2026-05-04 00:00:00
090460,비에이치,OK,1552,2020-01-02 00:00:00,2026-05-04 00:00:00
460850,동국씨엠,OK,699,2023-06-16 00:00:00,2026-05-04 00:00:00
460860,동국제강,OK,700,2023-06-16 00:00:00,2026-05-04 00:00:00
457190,이수스페셜티케미컬,OK,704,2023-05-31 00:00:00,2026-05-04 00:00:00
456040,OCI,OK,713,2023-05-30 00:00:00,2026-05-04 00:00:00
100090,SK오션플랜트,OK,1552,2020-01-02 00:00:00,2026-05-04 00:00:00
448730,삼성FN리츠,OK,740,2023-04-17 00:00:00,2026-05-04 00:00:00
453340,현대그린푸드,OK,745,2023-04-10 00:00:00,2026-05-04 00:00:00
452260,한화갤러리아,OK,751,2023-03-31 00:00:00,2026-05-04 00:00:00
451800,한화리츠,OK,753,2023-03-29 00:00:00,2026-05-04 00:00:00
377740,바이오노트,OK,818,2022-12-22 00:00:00,2026-05-04 00:00:00
446070,유니드비티플러스,OK,836,2022-11-28 00:00:00,2026-05-04 00:00:00
108320,LX세미콘,OK,1552,2020-01-02 00:00:00,2026-05-04 00:00:00
432320,KB스타리츠,OK,872,2022-10-06 00:00:00,2026-05-04 00:00:00
403550,쏘카,OK,902,2022-08-22 00:00:00,2026-05-04 00:00:00
126720,수산인더스트리,OK,915,2022-08-02 00:00:00,2026-05-04 00:00:00
357430,마스턴프리미어리츠,OK,958,2022-05-31 00:00:00,2026-05-04 00:00:00
417310,코람코더원리츠,OK,1002,2022-03-28 00:00:00,2026-05-04 00:00:00
373220,LG에너지솔루션,OK,1039,2022-01-27 00:00:00,2026-05-04 00:00:00
404990,신한서부티엔디리츠,OK,1071,2021-12-10 00:00:00,2026-05-04 00:00:00
396690,미래에셋글로벌리츠,OK,1076,2021-12-03 00:00:00,2026-05-04 00:00:00
402340,SK스퀘어,OK,1080,2021-11-29 00:00:00,2026-05-04 00:00:00
400760,NH올원리츠,OK,1086,2021-11-19 00:00:00,2026-05-04 00:00:00
377300,카카오페이,OK,1098,2021-11-03 00:00:00,2026-05-04 00:00:00
381970,케이카,OK,1113,2021-10-13 00:00:00,2026-05-04 00:00:00
329180,HD현대중공업,OK,1126,2021-09-17 00:00:00,2026-05-04 00:00:00
395400,SK리츠,OK,1129,2021-09-14 00:00:00,2026-05-04 00:00:00
271940,일진하이솔루스,OK,1138,2021-09-01 00:00:00,2026-05-04 00:00:00
377190,디앤디플랫폼리츠,OK,1141,2021-08-27 00:00:00,2026-05-04 00:00:00
139990,아주스틸,OK,1146,2021-08-20 00:00:00,2026-05-04 00:00:00
089860,롯데렌탈,OK,1147,2021-08-19 00:00:00,2026-05-04 00:00:00
372910,한컴라이프케어,OK,1149,2021-08-17 00:00:00,2026-05-04 00:00:00
259960,크래프톤,OK,1153,2021-08-10 00:00:00,2026-05-04 00:00:00
178920,PI첨단소재,OK,1552,2020-01-02 00:00:00,2026-05-04 00:00:00
323410,카카오뱅크,OK,1155,2021-08-06 00:00:00,2026-05-04 00:00:00
137310,에스디바이오센서,OK,1170,2021-07-16 00:00:00,2026-05-04 00:00:00
097520,엠씨넥스,OK,1552,2020-01-02 00:00:00,2026-05-04 00:00:00
383800,LX홀딩스,OK,1206,2021-05-27 00:00:00,2026-05-04 00:00:00
383220,F&F,OK,1210,2021-05-21 00:00:00,2026-05-04 00:00:00
361610,SK아이이테크놀로지,OK,1217,2021-05-11 00:00:00,2026-05-04 00:00:00
302440,SK바이오사이언스,OK,1254,2021-03-18 00:00:00,2026-05-04 00:00:00
378850,화승알앤에이,OK,1256,2021-03-16 00:00:00,2026-05-04 00:00:00
950210,프레스티지바이오파마,OK,1278,2021-02-09 00:00:00,2026-05-04 00:00:00
248070,솔루엠,OK,1283,2021-02-02 00:00:00,2026-05-04 00:00:00
375500,DL이앤씨,OK,1289,2021-01-25 00:00:00,2026-05-04 00:00:00
365550,ESR켄달스퀘어리츠,OK,1309,2020-12-23 00:00:00,2026-05-04 00:00:00
009900,명신산업,OK,1321,2020-12-07 00:00:00,2026-05-04 00:00:00
244920,에이플러스에셋,OK,1332,2020-11-20 00:00:00,2026-05-04 00:00:00
339770,교촌에프앤비,OK,1338,2020-11-12 00:00:00,2026-05-04 00:00:00
352820,하이브,OK,1358,2020-10-15 00:00:00,2026-05-04 00:00:00
363280,티와이홀딩스,OK,1370,2020-09-23 00:00:00,2026-05-04 00:00:00
357120,코람코라이프인프라리츠,OK,1387,2020-08-31 00:00:00,2026-05-04 00:00:00
348950,제이알글로벌리츠,OK,1402,2020-08-07 00:00:00,2026-05-04 00:00:00
357250,미래에셋맵스리츠,OK,1404,2020-08-05 00:00:00,2026-05-04 00:00:00
350520,이지스레지던스리츠,OK,1404,2020-08-05 00:00:00,2026-05-04 00:00:00
334890,이지스밸류플러스리츠,OK,1418,2020-07-16 00:00:00,2026-05-04 00:00:00
326030,에스케이바이오팜,OK,1428,2020-07-02 00:00:00,2026-05-04 00:00:00
353200,대덕전자,OK,1458,2020-05-21 00:00:00,2026-05-04 00:00:00
344820,케이씨씨글라스,OK,1539,2020-01-21 00:00:00,2026-05-04 00:00:00
338100,NH프라임리츠,OK,1552,2020-01-02 00:00:00,2026-05-04 00:00:00
308170,씨티알모빌리티,OK,1552,2020-01-02 00:00:00,2026-05-04 00:00:00
322000,HD현대에너지솔루션,OK,1552,2020-01-02 00:00:00,2026-05-04 00:00:00
272210,한화시스템,OK,1552,2020-01-02 00:00:00,2026-05-04 00:00:00
317400,자이에스앤디,OK,1552,2020-01-02 00:00:00,2026-05-04 00:00:00
330590,롯데리츠,OK,1552,2020-01-02 00:00:00,2026-05-04 00:00:00
013890,지누스,OK,1552,2020-01-02 00:00:00,2026-05-04 00:00:00
336260,두산퓨얼셀,OK,1552,2020-01-02 00:00:00,2026-05-04 00:00:00
336370,솔루스첨단소재,OK,1552,2020-01-02 00:00:00,2026-05-04 00:00:00
036420,콘텐트리중앙,OK,1552,2020-01-02 00:00:00,2026-05-04 00:00:00
003670,포스코퓨처엠,OK,1552,2020-01-02 00:00:00,2026-05-04 00:00:00
307950,현대오토에버,OK,1552,2020-01-02 00:00:00,2026-05-04 00:00:00
192650,드림텍,OK,1552,2020-01-02 00:00:00,2026-05-04 00:00:00
192080,더블유게임즈,OK,1552,2020-01-02 00:00:00,2026-05-04 00:00:00
316140,우리금융지주,OK,1552,2020-01-02 00:00:00,2026-05-04 00:00:00
298690,에어부산,OK,1552,2020-01-02 00:00:00,2026-05-04 00:00:00
267850,아시아나IDT,OK,1552,2020-01-02 00:00:00,2026-05-04 00:00:00
306200,세아제강,OK,1552,2020-01-02 00:00:00,2026-05-04 00:00:00
293480,하나제약,OK,1552,2020-01-02 00:00:00,2026-05-04 00:00:00
010400,우진아이엔에스,OK,1552,2020-01-02 00:00:00,2026-05-04 00:00:00
293940,신한알파리츠,OK,1552,2020-01-02 00:00:00,2026-05-04 00:00:00
300720,한일시멘트,OK,1552,2020-01-02 00:00:00,2026-05-04 00:00:00
091810,티웨이항공,OK,1552,2020-01-02 00:00:00,2026-05-04 00:00:00
286940,롯데이노베이트,OK,1552,2020-01-02 00:00:00,2026-05-04 00:00:00
298050,HS효성첨단소재,OK,1552,2020-01-02 00:00:00,2026-05-04 00:00:00
298040,효성중공업,OK,1552,2020-01-02 00:00:00,2026-05-04 00:00:00
298020,효성티앤씨,OK,1552,2020-01-02 00:00:00,2026-05-04 00:00:00
298000,효성화학,OK,1552,2020-01-02 00:00:00,2026-05-04 00:00:00
088260,이리츠코크렙,OK,1552,2020-01-02 00:00:00,2026-05-04 00:00:00
294870,HDC현대산업개발,OK,1552,2020-01-02 00:00:00,2026-05-04 00:00:00
018250,애경산업,OK,1552,2020-01-02 00:00:00,2026-05-04 00:00:00
068270,셀트리온,OK,1552,2020-01-02 00:00:00,2026-05-04 00:00:00
284740,쿠쿠홈시스,OK,1552,2020-01-02 00:00:00,2026-05-04 00:00:00
285130,SK케미칼,OK,1552,2020-01-02 00:00:00,2026-05-04 00:00:00
282330,BGF리테일,OK,1552,2020-01-02 00:00:00,2026-05-04 00:00:00
092780,DYP,OK,1552,2020-01-02 00:00:00,2026-05-04 00:00:00
272450,진에어,OK,1552,2020-01-02 00:00:00,2026-05-04 00:00:00
281820,케이씨텍,OK,1552,2020-01-02 00:00:00,2026-05-04 00:00:00
272550,삼양패키징,OK,1552,2020-01-02 00:00:00,2026-05-04 00:00:00
055490,테이팩스,OK,1552,2020-01-02 00:00:00,2026-05-04 00:00:00
280360,롯데웰푸드,OK,1552,2020-01-02 00:00:00,2026-05-04 00:00:00
271980,제일약품,OK,1552,2020-01-02 00:00:00,2026-05-04 00:00:00
035720,카카오,OK,1552,2020-01-02 00:00:00,2026-05-04 00:00:00
271560,오리온,OK,1552,2020-01-02 00:00:00,2026-05-04 00:00:00
268280,미원에스씨,OK,1552,2020-01-02 00:00:00,2026-05-04 00:00:00
267290,경동도시가스,OK,1552,2020-01-02 00:00:00,2026-05-04 00:00:00
251270,넷마블,OK,1552,2020-01-02 00:00:00,2026-05-04 00:00:00
267270,HD건설기계,OK,1552,2020-01-02 00:00:00,2026-05-04 00:00:00
267250,HD현대,OK,1552,2020-01-02 00:00:00,2026-05-04 00:00:00
267260,HD현대일렉트릭,OK,1552,2020-01-02 00:00:00,2026-05-04 00:00:00
264900,크라운제과,OK,1552,2020-01-02 00:00:00,2026-05-04 00:00:00
145720,덴티움,OK,1552,2020-01-02 00:00:00,2026-05-04 00:00:00
111110,호전실업,OK,1552,2020-01-02 00:00:00,2026-05-04 00:00:00
143210,핸즈코퍼레이션,OK,1552,2020-01-02 00:00:00,2026-05-04 00:00:00
241560,두산밥캣,OK,1552,2020-01-02 00:00:00,2026-05-04 00:00:00
207940,삼성바이오로직스,OK,1552,2020-01-02 00:00:00,2026-05-04 00:00:00
234080,JW생명과학,OK,1552,2020-01-02 00:00:00,2026-05-04 00:00:00
241590,화승엔터프라이즈,OK,1552,2020-01-02 00:00:00,2026-05-04 00:00:00
229640,LS에코에너지,OK,1552,2020-01-02 00:00:00,2026-05-04 00:00:00
204210,스타에스엠리츠,OK,1552,2020-01-02 00:00:00,2026-05-04 00:00:00
249420,일동제약,OK,1552,2020-01-02 00:00:00,2026-05-04 00:00:00
248170,샘표식품,OK,1552,2020-01-02 00:00:00,2026-05-04 00:00:00
016740,두올,OK,1552,2020-01-02 00:00:00,2026-05-04 00:00:00
026960,동서,OK,1552,2020-01-02 00:00:00,2026-05-04 00:00:00
123890,한국자산신탁,OK,1552,2020-01-02 00:00:00,2026-05-04 00:00:00
034830,한국토지신탁,OK,1552,2020-01-02 00:00:00,2026-05-04 00:00:00
195870,해성디에스,OK,1552,2020-01-02 00:00:00,2026-05-04 00:00:00
070960,모나용평,OK,1552,2020-01-02 00:00:00,2026-05-04 00:00:00
101530,해태제과식품,OK,1552,2020-01-02 00:00:00,2026-05-04 00:00:00
004440,삼일씨엔에스,OK,1552,2020-01-02 00:00:00,2026-05-04 00:00:00
194370,제이에스코퍼레이션,OK,1552,2020-01-02 00:00:00,2026-05-04 00:00:00
226320,잇츠한불,OK,1552,2020-01-02 00:00:00,2026-05-04 00:00:00
075580,세진중공업,OK,1552,2020-01-02 00:00:00,2026-05-04 00:00:00
214330,금호에이치티,OK,1552,2020-01-02 00:00:00,2026-05-04 00:00:00
089590,제주항공,OK,1552,2020-01-02 00:00:00,2026-05-04 00:00:00
227840,현대코퍼레이션홀딩스,OK,1552,2020-01-02 00:00:00,2026-05-04 00:00:00
079550,LIG넥스원,OK,1552,2020-01-02 00:00:00,2026-05-04 00:00:00
039570,HDC랩스,OK,1552,2020-01-02 00:00:00,2026-05-04 00:00:00
002690,동일제강,OK,1552,2020-01-02 00:00:00,2026-05-04 00:00:00
095570,AJ네트웍스,OK,1552,2020-01-02 00:00:00,2026-05-04 00:00:00
214320,이노션,OK,1552,2020-01-02 00:00:00,2026-05-04 00:00:00
214420,토니모리,OK,1552,2020-01-02 00:00:00,2026-05-04 00:00:00
085620,미래에셋생명,OK,1552,2020-01-02 00:00:00,2026-05-04 00:00:00
214390,경보제약,OK,1552,2020-01-02 00:00:00,2026-05-04 00:00:00
210980,SK디앤디,OK,1552,2020-01-02 00:00:00,2026-05-04 00:00:00
145210,다이나믹디자인,OK,1552,2020-01-02 00:00:00,2026-05-04 00:00:00
213500,한솔제지,OK,1552,2020-01-02 00:00:00,2026-05-04 00:00:00
210540,디와이파워,OK,1552,2020-01-02 00:00:00,2026-05-04 00:00:00
028260,삼성물산,OK,1552,2020-01-02 00:00:00,2026-05-04 00:00:00
112610,씨에스윈드,OK,1552,2020-01-02 00:00:00,2026-05-04 00:00:00
018260,삼성에스디에스,OK,1552,2020-01-02 00:00:00,2026-05-04 00:00:00
204320,HL만도,OK,1552,2020-01-02 00:00:00,2026-05-04 00:00:00
200880,서연이화,OK,1552,2020-01-02 00:00:00,2026-05-04 00:00:00
192400,쿠쿠홀딩스,OK,1552,2020-01-02 00:00:00,2026-05-04 00:00:00
133820,화인베스틸,OK,1552,2020-01-02 00:00:00,2026-05-04 00:00:00
027410,BGF,OK,1552,2020-01-02 00:00:00,2026-05-04 00:00:00
192820,코스맥스,OK,1552,2020-01-02 00:00:00,2026-05-04 00:00:00
185750,종근당,OK,1552,2020-01-02 00:00:00,2026-05-04 00:00:00
006880,신송홀딩스,OK,1552,2020-01-02 00:00:00,2026-05-04 00:00:00
183190,아세아시멘트,OK,1552,2020-01-02 00:00:00,2026-05-04 00:00:00
064350,현대로템,OK,1552,2020-01-02 00:00:00,2026-05-04 00:00:00
180640,한진칼,OK,1552,2020-01-02 00:00:00,2026-05-04 00:00:00
181710,NHN,OK,1552,2020-01-02 00:00:00,2026-05-04 00:00:00
175330,JB금융지주,OK,1552,2020-01-02 00:00:00,2026-05-04 00:00:00
155660,DSR,OK,1552,2020-01-02 00:00:00,2026-05-04 00:00:00
170900,동아에스티,OK,1552,2020-01-02 00:00:00,2026-05-04 00:00:00
013870,지엠비코리아,OK,1552,2020-01-02 00:00:00,2026-05-04 00:00:00
037560,LG헬로비전,OK,1552,2020-01-02 00:00:00,2026-05-04 00:00:00
163560,동일고무벨트,OK,1552,2020-01-02 00:00:00,2026-05-04 00:00:00
161890,한국콜마,OK,1552,2020-01-02 00:00:00,2026-05-04 00:00:00
161390,한국타이어앤테크놀로지,OK,1552,2020-01-02 00:00:00,2026-05-04 00:00:00
161000,애경케미칼,OK,1552,2020-01-02 00:00:00,2026-05-04 00:00:00
014710,사조씨푸드,OK,1552,2020-01-02 00:00:00,2026-05-04 00:00:00
152550,한국ANKOR유전,OK,1526,2020-01-02 00:00:00,2026-04-28 00:00:00
079980,휴비스,OK,1552,2020-01-02 00:00:00,2026-05-04 00:00:00
145270,케이탑리츠,OK,1552,2020-01-02 00:00:00,2026-05-04 00:00:00
007070,GS리테일,OK,1552,2020-01-02 00:00:00,2026-05-04 00:00:00
129260,인터지스,OK,1552,2020-01-02 00:00:00,2026-05-04 00:00:00
145990,삼양사,OK,1552,2020-01-02 00:00:00,2026-05-04 00:00:00
039130,하나투어,OK,1552,2020-01-02 00:00:00,2026-05-04 00:00:00
078520,에이블씨엔씨,OK,1552,2020-01-02 00:00:00,2026-05-04 00:00:00
023000,삼원강재,OK,1552,2020-01-02 00:00:00,2026-05-04 00:00:00
031430,신세계인터내셔날,OK,1552,2020-01-02 00:00:00,2026-05-04 00:00:00
140910,에이리츠,OK,1552,2020-01-02 00:00:00,2026-05-04 00:00:00
047810,한국항공우주,OK,1552,2020-01-02 00:00:00,2026-05-04 00:00:00
071840,롯데하이마트,OK,1552,2020-01-02 00:00:00,2026-05-04 00:00:00
069640,한세엠케이,OK,1552,2020-01-02 00:00:00,2026-05-04 00:00:00
138490,코오롱ENP,OK,1540,2020-01-02 00:00:00,2026-04-15 00:00:00
139480,이마트,OK,1552,2020-01-02 00:00:00,2026-05-04 00:00:00
139130,iM금융지주,OK,1552,2020-01-02 00:00:00,2026-05-04 00:00:00
053210,케이티스카이라이프,OK,1552,2020-01-02 00:00:00,2026-05-04 00:00:00
138040,메리츠금융지주,OK,1552,2020-01-02 00:00:00,2026-05-04 00:00:00
023350,한국종합기술,OK,1552,2020-01-02 00:00:00,2026-05-04 00:00:00
138930,BNK금융지주,OK,1552,2020-01-02 00:00:00,2026-05-04 00:00:00
020150,롯데에너지머티리얼즈,OK,1552,2020-01-02 00:00:00,2026-05-04 00:00:00
011210,현대위아,OK,1552,2020-01-02 00:00:00,2026-05-04 00:00:00
136490,선진,OK,1552,2020-01-02 00:00:00,2026-05-04 00:00:00
134380,미원화학,OK,1552,2020-01-02 00:00:00,2026-05-04 00:00:00
134790,시디즈,OK,1552,2020-01-02 00:00:00,2026-05-04 00:00:00
082740,한화엔진,OK,1552,2020-01-02 00:00:00,2026-05-04 00:00:00
117580,대성에너지,OK,1552,2020-01-02 00:00:00,2026-05-04 00:00:00
126560,현대퓨처넷,OK,1552,2020-01-02 00:00:00,2026-05-04 00:00:00
058860,KTis,OK,1552,2020-01-02 00:00:00,2026-05-04 00:00:00
130660,한전산업,OK,1552,2020-01-02 00:00:00,2026-05-04 00:00:00
900140,엘브이엠씨,OK,1552,2020-01-02 00:00:00,2026-05-04 00:00:00
081660,미스토홀딩스,OK,1552,2020-01-02 00:00:00,2026-05-04 00:00:00
058850,KTcs,OK,1552,2020-01-02 00:00:00,2026-05-04 00:00:00
057050,현대홈쇼핑,OK,1552,2020-01-02 00:00:00,2026-05-04 00:00:00
002150,도화엔지니어링,OK,1552,2020-01-02 00:00:00,2026-05-04 00:00:00
128820,대성산업,OK,1552,2020-01-02 00:00:00,2026-05-04 00:00:00
122900,아이마켓코리아,OK,1552,2020-01-02 00:00:00,2026-05-04 00:00:00
128940,한미약품,OK,1552,2020-01-02 00:00:00,2026-05-04 00:00:00
105840,우진,OK,1552,2020-01-02 00:00:00,2026-05-04 00:00:00
033920,무학,OK,1552,2020-01-02 00:00:00,2026-05-04 00:00:00
102460,이연제약,OK,1552,2020-01-02 00:00:00,2026-05-04 00:00:00
123690,한국화장품,OK,1552,2020-01-02 00:00:00,2026-05-04 00:00:00
123700,에스제이엠,OK,1552,2020-01-02 00:00:00,2026-05-04 00:00:00
060980,HL홀딩스,OK,1552,2020-01-02 00:00:00,2026-05-04 00:00:00
032830,삼성생명,OK,1552,2020-01-02 00:00:00,2026-05-04 00:00:00
031440,신세계푸드,OK,1552,2020-01-02 00:00:00,2026-05-04 00:00:00
088350,한화생명,OK,1552,2020-01-02 00:00:00,2026-05-04 00:00:00
120030,조선선재,OK,1552,2020-01-02 00:00:00,2026-05-04 00:00:00
120110,코오롱인더,OK,1552,2020-01-02 00:00:00,2026-05-04 00:00:00
119650,KC코트렐,OK,1552,2020-01-02 00:00:00,2026-05-04 00:00:00
071320,지역난방공사,OK,1552,2020-01-02 00:00:00,2026-05-04 00:00:00
012160,영흥,OK,1552,2020-01-02 00:00:00,2026-05-04 00:00:00
118000,메타케어,OK,1552,2020-01-02 00:00:00,2026-05-04 00:00:00
052690,한전기술,OK,1552,2020-01-02 00:00:00,2026-05-04 00:00:00
114090,GKL,OK,1552,2020-01-02 00:00:00,2026-05-04 00:00:00
034730,SK,OK,1552,2020-01-02 00:00:00,2026-05-04 00:00:00
032560,황금에스티,OK,1552,2020-01-02 00:00:00,2026-05-04 00:00:00
000080,하이트진로,OK,1552,2020-01-02 00:00:00,2026-05-04 00:00:00
082640,동양생명,OK,1552,2020-01-02 00:00:00,2026-05-04 00:00:00
047400,유니온머티리얼,OK,1552,2020-01-02 00:00:00,2026-05-04 00:00:00
093240,형지엘리트,OK,1552,2020-01-02 00:00:00,2026-05-04 00:00:00
039490,키움증권,OK,1552,2020-01-02 00:00:00,2026-05-04 00:00:00
111770,영원무역,OK,1552,2020-01-02 00:00:00,2026-05-04 00:00:00
053690,한미글로벌,OK,1552,2020-01-02 00:00:00,2026-05-04 00:00:00
028100,동아지질,OK,1552,2020-01-02 00:00:00,2026-05-04 00:00:00
071970,HD현대마린엔진,OK,1552,2020-01-02 00:00:00,2026-05-04 00:00:00
108670,LX하우시스,OK,1552,2020-01-02 00:00:00,2026-05-04 00:00:00
105630,한세실업,OK,1552,2020-01-02 00:00:00,2026-05-04 00:00:00
109070,주성코퍼레이션,OK,1552,2020-01-02 00:00:00,2026-05-04 00:00:00
107590,미원홀딩스,OK,1552,2020-01-02 00:00:00,2026-05-04 00:00:00
035420,NAVER,OK,1552,2020-01-02 00:00:00,2026-05-04 00:00:00
026940,부국철강,OK,1552,2020-01-02 00:00:00,2026-05-04 00:00:00
105560,KB금융,OK,1552,2020-01-02 00:00:00,2026-05-04 00:00:00
104700,한국철강,OK,1552,2020-01-02 00:00:00,2026-05-04 00:00:00
103590,일진전기,OK,1552,2020-01-02 00:00:00,2026-05-04 00:00:00
103140,풍산,OK,1552,2020-01-02 00:00:00,2026-05-04 00:00:00
011070,LG이노텍,OK,1552,2020-01-02 00:00:00,2026-05-04 00:00:00
017180,명문제약,OK,1552,2020-01-02 00:00:00,2026-05-04 00:00:00
100220,비상교육,OK,1552,2020-01-02 00:00:00,2026-05-04 00:00:00
102260,동성케미컬,OK,1552,2020-01-02 00:00:00,2026-05-04 00:00:00
032640,LG유플러스,OK,1552,2020-01-02 00:00:00,2026-05-04 00:00:00
101140,인바이오젠,OK,1552,2020-01-02 00:00:00,2026-05-04 00:00:00
020560,아시아나항공,OK,1552,2020-01-02 00:00:00,2026-05-04 00:00:00
100840,SNT에너지,OK,1552,2020-01-02 00:00:00,2026-05-04 00:00:00
100250,진양홀딩스,OK,1552,2020-01-02 00:00:00,2026-05-04 00:00:00
085310,엔케이,OK,1552,2020-01-02 00:00:00,2026-05-04 00:00:00
051600,한전KPS,OK,1552,2020-01-02 00:00:00,2026-05-04 00:00:00
092440,기신정기,OK,1552,2020-01-02 00:00:00,2026-05-04 00:00:00
044450,KSS해운,OK,1552,2020-01-02 00:00:00,2026-05-04 00:00:00
094280,효성 ITX,OK,1552,2020-01-02 00:00:00,2026-05-04 00:00:00
033270,유나이티드,OK,1552,2020-01-02 00:00:00,2026-05-04 00:00:00
092200,디아이씨,OK,1552,2020-01-02 00:00:00,2026-05-04 00:00:00
097950,CJ제일제당,OK,1552,2020-01-02 00:00:00,2026-05-04 00:00:00
028670,팬오션,OK,1552,2020-01-02 00:00:00,2026-05-04 00:00:00
097230,HJ중공업,OK,1552,2020-01-02 00:00:00,2026-05-04 00:00:00
096760,JW홀딩스,OK,1552,2020-01-02 00:00:00,2026-05-04 00:00:00
096770,SK이노베이션,OK,1552,2020-01-02 00:00:00,2026-05-04 00:00:00
029780,삼성카드,OK,1552,2020-01-02 00:00:00,2026-05-04 00:00:00
001780,알루코,OK,1552,2020-01-02 00:00:00,2026-05-04 00:00:00
095720,웅진씽크빅,OK,1552,2020-01-02 00:00:00,2026-05-04 00:00:00
094800,맵스리얼티,OK,1553,2020-01-02 00:00:00,2026-05-04 00:00:00
090370,메타랩스,OK,1552,2020-01-02 00:00:00,2026-05-04 00:00:00
093370,후성,OK,1552,2020-01-02 00:00:00,2026-05-04 00:00:00
093050,LF,OK,1552,2020-01-02 00:00:00,2026-05-04 00:00:00
044380,주연테크,OK,1552,2020-01-02 00:00:00,2026-05-04 00:00:00
044820,코스맥스비티아이,OK,1552,2020-01-02 00:00:00,2026-05-04 00:00:00
034590,인천도시가스,OK,1552,2020-01-02 00:00:00,2026-05-04 00:00:00
009770,삼정펄프,OK,1552,2020-01-02 00:00:00,2026-05-04 00:00:00
092220,KEC,OK,1552,2020-01-02 00:00:00,2026-05-04 00:00:00
092230,KPX홀딩스,OK,1552,2020-01-02 00:00:00,2026-05-04 00:00:00
089470,HDC현대EP,OK,1552,2020-01-02 00:00:00,2026-05-04 00:00:00
090350,노루페인트,OK,1552,2020-01-02 00:00:00,2026-05-04 00:00:00
090430,아모레퍼시픽,OK,1552,2020-01-02 00:00:00,2026-05-04 00:00:00
032350,롯데관광개발,OK,1552,2020-01-02 00:00:00,2026-05-04 00:00:00
090080,평화산업,OK,1552,2020-01-02 00:00:00,2026-05-04 00:00:00
049800,우진플라임,OK,1552,2020-01-02 00:00:00,2026-05-04 00:00:00
035510,신세계I&C,OK,1552,2020-01-02 00:00:00,2026-05-04 00:00:00
088790,진도,OK,1552,2020-01-02 00:00:00,2026-05-04 00:00:00
088980,맥쿼리인프라,OK,1551,2020-01-02 00:00:00,2026-05-04 00:00:00
023530,롯데쇼핑,OK,1552,2020-01-02 00:00:00,2026-05-04 00:00:00
086280,현대글로비스,OK,1552,2020-01-02 00:00:00,2026-05-04 00:00:00
084870,티비에이치글로벌,OK,1552,2020-01-02 00:00:00,2026-05-04 00:00:00
086790,하나금융지주,OK,1552,2020-01-02 00:00:00,2026-05-04 00:00:00
001560,제일연마,OK,1552,2020-01-02 00:00:00,2026-05-04 00:00:00
079430,현대리바트,OK,1552,2020-01-02 00:00:00,2026-05-04 00:00:00
084010,대한제강,OK,1552,2020-01-02 00:00:00,2026-05-04 00:00:00
075180,새론오토모티브,OK,1552,2020-01-02 00:00:00,2026-05-04 00:00:00
083420,그린케미칼,OK,1552,2020-01-02 00:00:00,2026-05-04 00:00:00
084690,대상홀딩스,OK,1552,2020-01-02 00:00:00,2026-05-04 00:00:00
071950,코아스,OK,1552,2020-01-02 00:00:00,2026-05-04 00:00:00
084680,이월드,OK,1552,2020-01-02 00:00:00,2026-05-04 00:00:00
084670,동양고속,OK,1552,2020-01-02 00:00:00,2026-05-04 00:00:00
042700,한미반도체,OK,1552,2020-01-02 00:00:00,2026-05-04 00:00:00
004890,동일산업,OK,1552,2020-01-02 00:00:00,2026-05-04 00:00:00
010960,삼호개발,OK,1552,2020-01-02 00:00:00,2026-05-04 00:00:00
073240,금호타이어,OK,1552,2020-01-02 00:00:00,2026-05-04 00:00:00
079160,CJ CGV,OK,1552,2020-01-02 00:00:00,2026-05-04 00:00:00
081000,일진다이아,OK,1552,2020-01-02 00:00:00,2026-05-04 00:00:00
014830,유니드,OK,1552,2020-01-02 00:00:00,2026-05-04 00:00:00
041650,상신브레이크,OK,1552,2020-01-02 00:00:00,2026-05-04 00:00:00
023810,인팩,OK,1552,2020-01-02 00:00:00,2026-05-04 00:00:00
078930,GS,OK,1552,2020-01-02 00:00:00,2026-05-04 00:00:00
077500,유니퀘스트,OK,1552,2020-01-02 00:00:00,2026-05-04 00:00:00
058730,다스코,OK,1552,2020-01-02 00:00:00,2026-05-04 00:00:00
034220,LG디스플레이,OK,1552,2020-01-02 00:00:00,2026-05-04 00:00:00
078000,텔코웨어,OK,1552,2020-01-02 00:00:00,2026-05-04 00:00:00
077970,STX엔진,OK,1552,2020-01-02 00:00:00,2026-05-04 00:00:00
034310,NICE,OK,1552,2020-01-02 00:00:00,2026-05-04 00:00:00
019680,대교,OK,1552,2020-01-02 00:00:00,2026-05-04 00:00:00
024110,기업은행,OK,1552,2020-01-02 00:00:00,2026-05-04 00:00:00
074610,이엔플러스,OK,1552,2020-01-02 00:00:00,2026-05-04 00:00:00
025750,한솔홈데코,OK,1552,2020-01-02 00:00:00,2026-05-04 00:00:00
007660,이수페타시스,OK,1552,2020-01-02 00:00:00,2026-05-04 00:00:00
035250,강원랜드,OK,1552,2020-01-02 00:00:00,2026-05-04 00:00:00
037270,YG PLUS,OK,1552,2020-01-02 00:00:00,2026-05-04 00:00:00
072710,농심홀딩스,OK,1552,2020-01-02 00:00:00,2026-05-04 00:00:00
071050,한국금융지주,OK,1552,2020-01-02 00:00:00,2026-05-04 00:00:00
072130,유엔젤,OK,1552,2020-01-02 00:00:00,2026-05-04 00:00:00
034120,SBS,OK,1552,2020-01-02 00:00:00,2026-05-04 00:00:00
036570,엔씨소프트,OK,1552,2020-01-02 00:00:00,2026-05-04 00:00:00
071090,하이스틸,OK,1552,2020-01-02 00:00:00,2026-05-04 00:00:00
069730,DSR제강,OK,1552,2020-01-02 00:00:00,2026-05-04 00:00:00
006890,태경케미컬,OK,1552,2020-01-02 00:00:00,2026-05-04 00:00:00
011500,한농화성,OK,1552,2020-01-02 00:00:00,2026-05-04 00:00:00
069960,현대백화점,OK,1552,2020-01-02 00:00:00,2026-05-04 00:00:00
069460,대호에이엘,OK,1552,2020-01-02 00:00:00,2026-05-04 00:00:00
069620,대웅제약,OK,1552,2020-01-02 00:00:00,2026-05-04 00:00:00
027740,마니커,OK,1552,2020-01-02 00:00:00,2026-05-04 00:00:00
036530,SNT홀딩스,OK,1552,2020-01-02 00:00:00,2026-05-04 00:00:00
069260,티케이지휴켐스,OK,1552,2020-01-02 00:00:00,2026-05-04 00:00:00
033530,SJG세종,OK,1552,2020-01-02 00:00:00,2026-05-04 00:00:00
058430,포스코스틸리온,OK,1552,2020-01-02 00:00:00,2026-05-04 00:00:00
068290,삼성출판사,OK,1552,2020-01-02 00:00:00,2026-05-04 00:00:00
067830,세이브존I&C,OK,1552,2020-01-02 00:00:00,2026-05-04 00:00:00
030610,교보증권,OK,1552,2020-01-02 00:00:00,2026-05-04 00:00:00
009240,한샘,OK,1552,2020-01-02 00:00:00,2026-05-04 00:00:00
017370,우신시스템,OK,1552,2020-01-02 00:00:00,2026-05-04 00:00:00
066570,LG전자,OK,1552,2020-01-02 00:00:00,2026-05-04 00:00:00
024720,콜마홀딩스,OK,1552,2020-01-02 00:00:00,2026-05-04 00:00:00
064960,SNT모티브,OK,1552,2020-01-02 00:00:00,2026-05-04 00:00:00
037710,광주신세계,OK,1552,2020-01-02 00:00:00,2026-05-04 00:00:00
020760,일진디스플,OK,1552,2020-01-02 00:00:00,2026-05-04 00:00:00
063160,종근당바이오,OK,1552,2020-01-02 00:00:00,2026-05-04 00:00:00
055550,신한지주,OK,1552,2020-01-02 00:00:00,2026-05-04 00:00:00
021240,코웨이,OK,1552,2020-01-02 00:00:00,2026-05-04 00:00:00
058650,세아홀딩스,OK,1552,2020-01-02 00:00:00,2026-05-04 00:00:00
051900,LG생활건강,OK,1552,2020-01-02 00:00:00,2026-05-04 00:00:00
051910,LG화학,OK,1552,2020-01-02 00:00:00,2026-05-04 00:00:00
047040,대우건설,OK,1552,2020-01-02 00:00:00,2026-05-04 00:00:00
047050,포스코인터내셔널,OK,1552,2020-01-02 00:00:00,2026-05-04 00:00:00
042660,한화오션,OK,1552,2020-01-02 00:00:00,2026-05-04 00:00:00
051630,진양화학,OK,1552,2020-01-02 00:00:00,2026-05-04 00:00:00
034020,두산에너빌리티,OK,1552,2020-01-02 00:00:00,2026-05-04 00:00:00
010040,한국내화,OK,1552,2020-01-02 00:00:00,2026-05-04 00:00:00
016450,한세예스24홀딩스,OK,1552,2020-01-02 00:00:00,2026-05-04 00:00:00
016710,대성홀딩스,OK,1552,2020-01-02 00:00:00,2026-05-04 00:00:00
003220,대원제약,OK,1552,2020-01-02 00:00:00,2026-05-04 00:00:00
036460,한국가스공사,OK,1552,2020-01-02 00:00:00,2026-05-04 00:00:00
007120,미래아이앤지,OK,1552,2020-01-02 00:00:00,2026-05-04 00:00:00
000850,화천기공,OK,1552,2020-01-02 00:00:00,2026-05-04 00:00:00
036580,팜스코,OK,1552,2020-01-02 00:00:00,2026-05-04 00:00:00
033780,케이티앤지,OK,1552,2020-01-02 00:00:00,2026-05-04 00:00:00
009540,HD한국조선해양,OK,1552,2020-01-02 00:00:00,2026-05-04 00:00:00
024090,디씨엠,OK,1552,2020-01-02 00:00:00,2026-05-04 00:00:00
006840,AK홀딩스,OK,1552,2020-01-02 00:00:00,2026-05-04 00:00:00
035000,HS애드,OK,1552,2020-01-02 00:00:00,2026-05-04 00:00:00
006650,대한유화,OK,1552,2020-01-02 00:00:00,2026-05-04 00:00:00
035150,백산,OK,1552,2020-01-02 00:00:00,2026-05-04 00:00:00
033250,체시스,OK,1552,2020-01-02 00:00:00,2026-05-04 00:00:00
033240,자화전자,OK,1552,2020-01-02 00:00:00,2026-05-04 00:00:00
030200,케이티,OK,1552,2020-01-02 00:00:00,2026-05-04 00:00:00
019490,엑시큐어하이트론,OK,1545,2020-01-02 00:00:00,2026-05-04 00:00:00
030000,제일기획,OK,1552,2020-01-02 00:00:00,2026-05-04 00:00:00
026890,스틱인베스트먼트,OK,1552,2020-01-02 00:00:00,2026-05-04 00:00:00
029460,케이씨,OK,1552,2020-01-02 00:00:00,2026-05-04 00:00:00
024890,대원화성,OK,1552,2020-01-02 00:00:00,2026-05-04 00:00:00
017940,E1,OK,1552,2020-01-02 00:00:00,2026-05-04 00:00:00
018670,SK가스,OK,1552,2020-01-02 00:00:00,2026-05-04 00:00:00
023590,다우기술,OK,1552,2020-01-02 00:00:00,2026-05-04 00:00:00
014440,영보화학,OK,1552,2020-01-02 00:00:00,2026-05-04 00:00:00
011790,SKC,OK,1552,2020-01-02 00:00:00,2026-05-04 00:00:00
025890,한국주강,OK,1552,2020-01-02 00:00:00,2026-05-04 00:00:00
024900,디와이덕양,OK,1552,2020-01-02 00:00:00,2026-05-04 00:00:00
023960,에쓰씨엔지니어링,OK,1552,2020-01-02 00:00:00,2026-05-04 00:00:00
023800,인지컨트롤스,OK,1552,2020-01-02 00:00:00,2026-05-04 00:00:00
012320,경동인베스트,OK,1552,2020-01-02 00:00:00,2026-05-04 00:00:00
031820,아이티센씨티에스,OK,1552,2020-01-02 00:00:00,2026-05-04 00:00:00
025530,에스제이엠홀딩스,OK,1552,2020-01-02 00:00:00,2026-05-04 00:00:00
000660,SK하이닉스,OK,1552,2020-01-02 00:00:00,2026-05-04 00:00:00
015360,INVENI,OK,1552,2020-01-02 00:00:00,2026-05-04 00:00:00
023150,MH에탄올,OK,1552,2020-01-02 00:00:00,2026-05-04 00:00:00
023450,동남합성,OK,1552,2020-01-02 00:00:00,2026-05-04 00:00:00
028050,삼성E&A,OK,1552,2020-01-02 00:00:00,2026-05-04 00:00:00
029530,신도리코,OK,1552,2020-01-02 00:00:00,2026-05-04 00:00:00
005320,온타이드,OK,1552,2020-01-02 00:00:00,2026-05-04 00:00:00
016800,퍼시스,OK,1552,2020-01-02 00:00:00,2026-05-04 00:00:00
024070,WISCOM,OK,1552,2020-01-02 00:00:00,2026-05-04 00:00:00
030720,동원수산,OK,1552,2020-01-02 00:00:00,2026-05-04 00:00:00
025560,미래산업,OK,1552,2020-01-02 00:00:00,2026-05-04 00:00:00
030210,다올투자증권,OK,1552,2020-01-02 00:00:00,2026-05-04 00:00:00
012630,HDC,OK,1552,2020-01-02 00:00:00,2026-05-04 00:00:00
017900,광전자,OK,1552,2020-01-02 00:00:00,2026-05-04 00:00:00
025540,한국단자공업,OK,1552,2020-01-02 00:00:00,2026-05-04 00:00:00
003160,디아이,OK,1552,2020-01-02 00:00:00,2026-05-04 00:00:00
011930,신성이엔지,OK,1552,2020-01-02 00:00:00,2026-05-04 00:00:00
019180,티에이치엔,OK,1552,2020-01-02 00:00:00,2026-05-04 00:00:00
018880,한온시스템,OK,1552,2020-01-02 00:00:00,2026-05-04 00:00:00
006740,블루산업개발,OK,1552,2020-01-02 00:00:00,2026-05-04 00:00:00
021820,세원정공,OK,1552,2020-01-02 00:00:00,2026-05-04 00:00:00
000910,유니온,OK,1552,2020-01-02 00:00:00,2026-05-04 00:00:00
020120,키다리스튜디오,OK,1552,2020-01-02 00:00:00,2026-05-04 00:00:00
027970,한국제지,OK,1552,2020-01-02 00:00:00,2026-05-04 00:00:00
020000,한섬,OK,1552,2020-01-02 00:00:00,2026-05-04 00:00:00
017800,현대엘리베이터,OK,1552,2020-01-02 00:00:00,2026-05-04 00:00:00
016580,환인제약,OK,1552,2020-01-02 00:00:00,2026-05-04 00:00:00
013580,계룡건설산업,OK,1552,2020-01-02 00:00:00,2026-05-04 00:00:00
021050,서원,OK,1552,2020-01-02 00:00:00,2026-05-04 00:00:00
012750,에스원,OK,1552,2020-01-02 00:00:00,2026-05-04 00:00:00
015890,태경산업,OK,1552,2020-01-02 00:00:00,2026-05-04 00:00:00
016590,신대양제지,OK,1552,2020-01-02 00:00:00,2026-05-04 00:00:00
011690,와이투솔루션,OK,1552,2020-01-02 00:00:00,2026-05-04 00:00:00
025860,남해화학,OK,1552,2020-01-02 00:00:00,2026-05-04 00:00:00
018500,동원금속,OK,1552,2020-01-02 00:00:00,2026-05-04 00:00:00
011300,성안머티리얼스,OK,1552,2020-01-02 00:00:00,2026-05-04 00:00:00
011200,HMM,OK,1552,2020-01-02 00:00:00,2026-05-04 00:00:00
012610,경인양행,OK,1552,2020-01-02 00:00:00,2026-05-04 00:00:00
017810,풀무원,OK,1552,2020-01-02 00:00:00,2026-05-04 00:00:00
017390,서울도시가스,OK,1552,2020-01-02 00:00:00,2026-05-04 00:00:00
025820,이구산업,OK,1552,2020-01-02 00:00:00,2026-05-04 00:00:00
011090,에넥스,OK,1552,2020-01-02 00:00:00,2026-05-04 00:00:00
007460,에이프로젠,OK,1552,2020-01-02 00:00:00,2026-05-04 00:00:00
025620,차AI헬스케어,OK,1552,2020-01-02 00:00:00,2026-05-04 00:00:00
017960,한국카본,OK,1552,2020-01-02 00:00:00,2026-05-04 00:00:00
025000,KPX케미칼,OK,1552,2020-01-02 00:00:00,2026-05-04 00:00:00
007980,TP,OK,1552,2020-01-02 00:00:00,2026-05-04 00:00:00
010580,에스엠벡셀,OK,1552,2020-01-02 00:00:00,2026-05-04 00:00:00
009440,KC그린홀딩스,OK,1552,2020-01-02 00:00:00,2026-05-04 00:00:00
008420,문배철강,OK,1552,2020-01-02 00:00:00,2026-05-04 00:00:00
016880,웅진,OK,1552,2020-01-02 00:00:00,2026-05-04 00:00:00
014790,HL D&I,OK,1552,2020-01-02 00:00:00,2026-05-04 00:00:00
007310,오뚜기,OK,1552,2020-01-02 00:00:00,2026-05-04 00:00:00
008500,일정실업,OK,1552,2020-01-02 00:00:00,2026-05-04 00:00:00
010120,엘에스일렉트릭,OK,1552,2020-01-02 00:00:00,2026-05-04 00:00:00
009190,대양금속,OK,1552,2020-01-02 00:00:00,2026-05-04 00:00:00
000760,이화산업,OK,1552,2020-01-02 00:00:00,2026-05-04 00:00:00
014820,동원시스템즈,OK,1552,2020-01-02 00:00:00,2026-05-04 00:00:00
010140,삼성중공업,OK,1552,2020-01-02 00:00:00,2026-05-04 00:00:00
009680,모토닉,OK,1552,2020-01-02 00:00:00,2026-05-04 00:00:00
010690,화신,OK,1552,2020-01-02 00:00:00,2026-05-04 00:00:00
000390,삼화페인트공업,OK,1552,2020-01-02 00:00:00,2026-05-04 00:00:00
009450,경동나비엔,OK,1552,2020-01-02 00:00:00,2026-05-04 00:00:00
012030,DB,OK,1552,2020-01-02 00:00:00,2026-05-04 00:00:00
005090,SGC에너지,OK,1552,2020-01-02 00:00:00,2026-05-04 00:00:00
005750,대림바스,OK,1552,2020-01-02 00:00:00,2026-05-04 00:00:00
005880,대한해운,OK,1552,2020-01-02 00:00:00,2026-05-04 00:00:00
005870,휴니드테크놀러지스,OK,1552,2020-01-02 00:00:00,2026-05-04 00:00:00
017550,수산세보틱스,OK,1552,2020-01-02 00:00:00,2026-05-04 00:00:00
011170,롯데케미칼,OK,1552,2020-01-02 00:00:00,2026-05-04 00:00:00
001430,세아베스틸지주,OK,1552,2020-01-02 00:00:00,2026-05-04 00:00:00
008770,호텔신라,OK,1552,2020-01-02 00:00:00,2026-05-04 00:00:00
014580,태경비케이,OK,1552,2020-01-02 00:00:00,2026-05-04 00:00:00
013520,화승코퍼레이션,OK,1552,2020-01-02 00:00:00,2026-05-04 00:00:00
004080,신흥,OK,1552,2020-01-02 00:00:00,2026-05-04 00:00:00
006060,화승인더스트리,OK,1552,2020-01-02 00:00:00,2026-05-04 00:00:00
014530,극동유화,OK,1552,2020-01-02 00:00:00,2026-05-04 00:00:00
002140,고려산업,OK,1552,2020-01-02 00:00:00,2026-05-04 00:00:00
016090,대현,OK,1552,2020-01-02 00:00:00,2026-05-04 00:00:00
001620,케이비아이동국실업,OK,1552,2020-01-02 00:00:00,2026-05-04 00:00:00
017040,광명전기,OK,1552,2020-01-02 00:00:00,2026-05-04 00:00:00
011390,부산산업,OK,1552,2020-01-02 00:00:00,2026-05-04 00:00:00
011810,STX,OK,1552,2020-01-02 00:00:00,2026-05-04 00:00:00
010130,고려아연,OK,1552,2020-01-02 00:00:00,2026-05-04 00:00:00
004720,팜젠사이언스,OK,1552,2020-01-02 00:00:00,2026-05-04 00:00:00
009200,무림페이퍼,OK,1552,2020-01-02 00:00:00,2026-05-04 00:00:00
001500,현대차증권,OK,1552,2020-01-02 00:00:00,2026-05-04 00:00:00
008870,금비,OK,1552,2020-01-02 00:00:00,2026-05-04 00:00:00
005820,원림,OK,1552,2020-01-02 00:00:00,2026-05-04 00:00:00
008490,서흥,OK,1552,2020-01-02 00:00:00,2026-05-04 00:00:00
014910,성문전자,OK,1552,2020-01-02 00:00:00,2026-05-04 00:00:00
003580,HLB글로벌,OK,1552,2020-01-02 00:00:00,2026-05-04 00:00:00
015860,일진홀딩스,OK,1552,2020-01-02 00:00:00,2026-05-04 00:00:00
014160,대영포장,OK,1552,2020-01-02 00:00:00,2026-05-04 00:00:00
012280,영화금속,OK,1552,2020-01-02 00:00:00,2026-05-04 00:00:00
019170,신풍제약,OK,1552,2020-01-02 00:00:00,2026-05-04 00:00:00
002210,동성제약,OK,1552,2020-01-02 00:00:00,2026-05-04 00:00:00
012170,아센디오,OK,1552,2020-01-02 00:00:00,2026-05-04 00:00:00
009420,한올바이오파마,OK,1552,2020-01-02 00:00:00,2026-05-04 00:00:00
011330,유니켐,OK,1552,2020-01-02 00:00:00,2026-05-04 00:00:00
012800,대창,OK,1552,2020-01-02 00:00:00,2026-05-04 00:00:00
013360,일성건설,OK,1552,2020-01-02 00:00:00,2026-05-04 00:00:00
013700,까뮤이앤씨,OK,1552,2020-01-02 00:00:00,2026-05-04 00:00:00
002760,보락,OK,1552,2020-01-02 00:00:00,2026-05-04 00:00:00
007610,선도전기,OK,3,2026-04-29 00:00:00,2026-05-04 00:00:00
004920,씨아이테크,OK,1552,2020-01-02 00:00:00,2026-05-04 00:00:00
009290,광동제약,OK,1552,2020-01-02 00:00:00,2026-05-04 00:00:00
011420,갤럭시아에스엠,OK,1552,2020-01-02 00:00:00,2026-05-04 00:00:00
004270,남성,OK,1552,2020-01-02 00:00:00,2026-05-04 00:00:00
001940,KISCO홀딩스,OK,1552,2020-01-02 00:00:00,2026-05-04 00:00:00
009410,태영건설,OK,1552,2020-01-02 00:00:00,2026-05-04 00:00:00
007280,한국특강,OK,1552,2020-01-02 00:00:00,2026-05-04 00:00:00
009180,한솔로지스틱스,OK,1552,2020-01-02 00:00:00,2026-05-04 00:00:00
002170,삼양통상,OK,1552,2020-01-02 00:00:00,2026-05-04 00:00:00
017670,SK텔레콤,OK,1552,2020-01-02 00:00:00,2026-05-04 00:00:00
010640,진양폴리우레탄,OK,1552,2020-01-02 00:00:00,2026-05-04 00:00:00
003650,미창석유공업,OK,1552,2020-01-02 00:00:00,2026-05-04 00:00:00
004380,삼익THK,OK,1552,2020-01-02 00:00:00,2026-05-04 00:00:00
002840,미원상사,OK,1552,2020-01-02 00:00:00,2026-05-04 00:00:00
007860,서연,OK,1552,2020-01-02 00:00:00,2026-05-04 00:00:00
013000,세우글로벌,OK,1552,2020-01-02 00:00:00,2026-05-04 00:00:00
012330,현대모비스,OK,1552,2020-01-02 00:00:00,2026-05-04 00:00:00
001390,KG케미칼,OK,1552,2020-01-02 00:00:00,2026-05-04 00:00:00
009320,아진전자부품,OK,1552,2020-01-02 00:00:00,2026-05-04 00:00:00
001450,현대해상,OK,1552,2020-01-02 00:00:00,2026-05-04 00:00:00
005440,현대지에프홀딩스,OK,1552,2020-01-02 00:00:00,2026-05-04 00:00:00
015760,한국전력공사,OK,1552,2020-01-02 00:00:00,2026-05-04 00:00:00
007690,국도화학,OK,1552,2020-01-02 00:00:00,2026-05-04 00:00:00
006280,녹십자,OK,1552,2020-01-02 00:00:00,2026-05-04 00:00:00
009160,SIMPAC,OK,1552,2020-01-02 00:00:00,2026-05-04 00:00:00
008600,윌비스,OK,1552,2020-01-02 00:00:00,2026-05-04 00:00:00
015230,대창단조,OK,1552,2020-01-02 00:00:00,2026-05-04 00:00:00
007160,사조산업,OK,1552,2020-01-02 00:00:00,2026-05-04 00:00:00
014130,한익스프레스,OK,1552,2020-01-02 00:00:00,2026-05-04 00:00:00
008040,사조동아원,OK,1552,2020-01-02 00:00:00,2026-05-04 00:00:00
009140,경인전자,OK,1552,2020-01-02 00:00:00,2026-05-04 00:00:00
009580,무림P&P,OK,1552,2020-01-02 00:00:00,2026-05-04 00:00:00
014990,인디에프,OK,1552,2020-01-02 00:00:00,2026-05-04 00:00:00
013570,디와이,OK,1552,2020-01-02 00:00:00,2026-05-04 00:00:00
003610,방림,OK,1552,2020-01-02 00:00:00,2026-05-04 00:00:00
015590,DKME,OK,1552,2020-01-02 00:00:00,2026-05-04 00:00:00
014680,한솔케미칼,OK,1552,2020-01-02 00:00:00,2026-05-04 00:00:00
010820,퍼스텍,OK,1552,2020-01-02 00:00:00,2026-05-04 00:00:00
006040,동원산업,OK,1552,2020-01-02 00:00:00,2026-05-04 00:00:00
008060,대덕,OK,1552,2020-01-02 00:00:00,2026-05-04 00:00:00
003680,한성기업,OK,1552,2020-01-02 00:00:00,2026-05-04 00:00:00
015020,이스타코,OK,1552,2020-01-02 00:00:00,2026-05-04 00:00:00
011280,태림포장,OK,1552,2020-01-02 00:00:00,2026-05-04 00:00:00
002310,아세아제지,OK,1552,2020-01-02 00:00:00,2026-05-04 00:00:00
010660,화천기계,OK,1552,2020-01-02 00:00:00,2026-05-04 00:00:00
011150,CJ씨푸드,OK,1552,2020-01-02 00:00:00,2026-05-04 00:00:00
001770,SHD,OK,1552,2020-01-02 00:00:00,2026-05-04 00:00:00
018470,조일알미늄,OK,1552,2020-01-02 00:00:00,2026-05-04 00:00:00
005850,에스엘,OK,1552,2020-01-02 00:00:00,2026-05-04 00:00:00
009970,영원무역홀딩스,OK,1552,2020-01-02 00:00:00,2026-05-04 00:00:00
012510,더존비즈온,OK,1552,2020-01-02 00:00:00,2026-05-04 00:00:00
003850,보령,OK,1552,2020-01-02 00:00:00,2026-05-04 00:00:00
008250,이건산업,OK,1552,2020-01-02 00:00:00,2026-05-04 00:00:00
012690,모나리자,OK,1552,2020-01-02 00:00:00,2026-05-04 00:00:00
006370,대구백화점,OK,1552,2020-01-02 00:00:00,2026-05-04 00:00:00
006980,우성,OK,1552,2020-01-02 00:00:00,2026-05-04 00:00:00
002920,유성기업,OK,1552,2020-01-02 00:00:00,2026-05-04 00:00:00
002220,한일철강,OK,1552,2020-01-02 00:00:00,2026-05-04 00:00:00
002450,삼익악기,OK,1552,2020-01-02 00:00:00,2026-05-04 00:00:00
002460,HS화성,OK,1552,2020-01-02 00:00:00,2026-05-04 00:00:00
007340,DN오토모티브,OK,1552,2020-01-02 00:00:00,2026-05-04 00:00:00
000890,보해양조,OK,1552,2020-01-02 00:00:00,2026-05-04 00:00:00
001290,상상인증권,OK,1552,2020-01-02 00:00:00,2026-05-04 00:00:00
003010,혜인,OK,1552,2020-01-02 00:00:00,2026-05-04 00:00:00
014280,금강공업,OK,1552,2020-01-02 00:00:00,2026-05-04 00:00:00
009810,플레이그램,OK,1552,2020-01-02 00:00:00,2026-05-04 00:00:00
008730,율촌화학,OK,1552,2020-01-02 00:00:00,2026-05-04 00:00:00
009270,신원,OK,1552,2020-01-02 00:00:00,2026-05-04 00:00:00
004140,동방,OK,1552,2020-01-02 00:00:00,2026-05-04 00:00:00
002960,한국쉘석유,OK,1552,2020-01-02 00:00:00,2026-05-04 00:00:00
003000,부광약품,OK,1552,2020-01-02 00:00:00,2026-05-04 00:00:00
005810,풍산홀딩스,OK,1552,2020-01-02 00:00:00,2026-05-04 00:00:00
001270,부국증권,OK,1552,2020-01-02 00:00:00,2026-05-04 00:00:00
012200,계양전기,OK,1552,2020-01-02 00:00:00,2026-05-04 00:00:00
004710,한솔테크닉스,OK,1552,2020-01-02 00:00:00,2026-05-04 00:00:00
016610,DB증권,OK,1552,2020-01-02 00:00:00,2026-05-04 00:00:00
008930,한미사이언스,OK,1552,2020-01-02 00:00:00,2026-05-04 00:00:00
005500,삼진제약,OK,1552,2020-01-02 00:00:00,2026-05-04 00:00:00
005490,POSCO홀딩스,OK,1552,2020-01-02 00:00:00,2026-05-04 00:00:00
002410,범양건영,OK,1552,2020-01-02 00:00:00,2026-05-04 00:00:00
005690,파미셀,OK,1552,2020-01-02 00:00:00,2026-05-04 00:00:00
001230,동국홀딩스,OK,1552,2020-01-02 00:00:00,2026-05-04 00:00:00
006340,대원전선,OK,1552,2020-01-02 00:00:00,2026-05-04 00:00:00
005950,이수화학,OK,1552,2020-01-02 00:00:00,2026-05-04 00:00:00
016360,삼성증권,OK,1552,2020-01-02 00:00:00,2026-05-04 00:00:00
002810,삼영무역,OK,1552,2020-01-02 00:00:00,2026-05-04 00:00:00
001750,한양증권,OK,1552,2020-01-02 00:00:00,2026-05-04 00:00:00
011780,금호석유화학,OK,1552,2020-01-02 00:00:00,2026-05-04 00:00:00
003470,유안타증권,OK,1552,2020-01-02 00:00:00,2026-05-04 00:00:00
002620,제일파마홀딩스,OK,1552,2020-01-02 00:00:00,2026-05-04 00:00:00
015260,에이엔피,OK,1552,2020-01-02 00:00:00,2026-05-04 00:00:00
009460,한창제지,OK,1552,2020-01-02 00:00:00,2026-05-04 00:00:00
005720,넥센,OK,1552,2020-01-02 00:00:00,2026-05-04 00:00:00
006660,삼성공조,OK,1552,2020-01-02 00:00:00,2026-05-04 00:00:00
004490,세방전지,OK,1552,2020-01-02 00:00:00,2026-05-04 00:00:00
011000,진원생명과학,OK,1552,2020-01-02 00:00:00,2026-05-04 00:00:00
009310,참엔지니어링,OK,1552,2020-01-02 00:00:00,2026-05-04 00:00:00
010100,한국무브넥스,OK,1552,2020-01-02 00:00:00,2026-05-04 00:00:00
005070,코스모신소재,OK,1552,2020-01-02 00:00:00,2026-05-04 00:00:00
004830,덕성,OK,1552,2020-01-02 00:00:00,2026-05-04 00:00:00
001720,신영증권,OK,1552,2020-01-02 00:00:00,2026-05-04 00:00:00
001200,유진증권,OK,1552,2020-01-02 00:00:00,2026-05-04 00:00:00
003460,유화증권,OK,1552,2020-01-02 00:00:00,2026-05-04 00:00:00
011700,한신기계공업,OK,1552,2020-01-02 00:00:00,2026-05-04 00:00:00
005420,코스모화학,OK,1552,2020-01-02 00:00:00,2026-05-04 00:00:00
000500,가온전선,OK,1552,2020-01-02 00:00:00,2026-05-04 00:00:00
010950,S-Oil,OK,1552,2020-01-02 00:00:00,2026-05-04 00:00:00
012450,한화에어로스페이스,OK,1552,2020-01-02 00:00:00,2026-05-04 00:00:00
011230,삼화전자공업,OK,1552,2020-01-02 00:00:00,2026-05-04 00:00:00
004020,현대제철,OK,1552,2020-01-02 00:00:00,2026-05-04 00:00:00
004770,써니전자,OK,1552,2020-01-02 00:00:00,2026-05-04 00:00:00
004560,현대비앤지스틸,OK,1552,2020-01-02 00:00:00,2026-05-04 00:00:00
006090,사조오양,OK,1552,2020-01-02 00:00:00,2026-05-04 00:00:00
003530,한화투자증권,OK,1552,2020-01-02 00:00:00,2026-05-04 00:00:00
009470,삼화전기,OK,1552,2020-01-02 00:00:00,2026-05-04 00:00:00
001510,SK증권,OK,1552,2020-01-02 00:00:00,2026-05-04 00:00:00
010770,평화홀딩스,OK,1552,2020-01-02 00:00:00,2026-05-04 00:00:00
007110,일신석재,OK,1552,2020-01-02 00:00:00,2026-05-04 00:00:00
016380,KG스틸,OK,1552,2020-01-02 00:00:00,2026-05-04 00:00:00
010780,아이에스동서,OK,1552,2020-01-02 00:00:00,2026-05-04 00:00:00
002360,SH에너지화학,OK,1552,2020-01-02 00:00:00,2026-05-04 00:00:00
003830,대한화섬,OK,1552,2020-01-02 00:00:00,2026-05-04 00:00:00
007810,코리아써키트,OK,1552,2020-01-02 00:00:00,2026-05-04 00:00:00
004170,신세계,OK,1552,2020-01-02 00:00:00,2026-05-04 00:00:00
010060,OCI홀딩스,OK,1552,2020-01-02 00:00:00,2026-05-04 00:00:00
000520,삼일제약,OK,1552,2020-01-02 00:00:00,2026-05-04 00:00:00
006490,인스코비,OK,1552,2020-01-02 00:00:00,2026-05-04 00:00:00
003120,일성아이에스,OK,1552,2020-01-02 00:00:00,2026-05-04 00:00:00
000720,현대건설,OK,1552,2020-01-02 00:00:00,2026-05-04 00:00:00
002710,TCC스틸,OK,1552,2020-01-02 00:00:00,2026-05-04 00:00:00
003060,에이프로젠바이오로직스,OK,1552,2020-01-02 00:00:00,2026-05-04 00:00:00
007700,F&F 홀딩스,OK,1552,2020-01-02 00:00:00,2026-05-04 00:00:00
008700,아남전자,OK,1552,2020-01-02 00:00:00,2026-05-04 00:00:00
006360,GS건설,OK,1552,2020-01-02 00:00:00,2026-05-04 00:00:00
006110,삼아알미늄,OK,1552,2020-01-02 00:00:00,2026-05-04 00:00:00
006200,한국전자홀딩스,OK,1552,2020-01-02 00:00:00,2026-05-04 00:00:00
006400,삼성SDI,OK,1552,2020-01-02 00:00:00,2026-05-04 00:00:00
009150,삼성전기,OK,1552,2020-01-02 00:00:00,2026-05-04 00:00:00
005960,동부건설,OK,1552,2020-01-02 00:00:00,2026-05-04 00:00:00
009070,케이씨티시,OK,1552,2020-01-02 00:00:00,2026-05-04 00:00:00
003070,코오롱글로벌,OK,1552,2020-01-02 00:00:00,2026-05-04 00:00:00
005180,빙그레,OK,1552,2020-01-02 00:00:00,2026-05-04 00:00:00
005250,녹십자홀딩스,OK,1552,2020-01-02 00:00:00,2026-05-04 00:00:00
000480,시알홀딩스,OK,1552,2020-01-02 00:00:00,2026-05-04 00:00:00
004310,현대약품,OK,1552,2020-01-02 00:00:00,2026-05-04 00:00:00
003920,남양유업,OK,1552,2020-01-02 00:00:00,2026-05-04 00:00:00
008350,남선알미늄,OK,1552,2020-01-02 00:00:00,2026-05-04 00:00:00
003350,한국화장품제조,OK,1552,2020-01-02 00:00:00,2026-05-04 00:00:00
011760,현대코퍼레이션,OK,1552,2020-01-02 00:00:00,2026-05-04 00:00:00
006260,LS,OK,1552,2020-01-02 00:00:00,2026-05-04 00:00:00
001740,SK네트웍스,OK,1552,2020-01-02 00:00:00,2026-05-04 00:00:00
002100,경농,OK,1552,2020-01-02 00:00:00,2026-05-04 00:00:00
004870,티웨이홀딩스,OK,1552,2020-01-02 00:00:00,2026-05-04 00:00:00
007590,동방아그로,OK,1552,2020-01-02 00:00:00,2026-05-04 00:00:00
004430,송원산업,OK,1552,2020-01-02 00:00:00,2026-05-04 00:00:00
002780,진흥기업,OK,1552,2020-01-02 00:00:00,2026-05-04 00:00:00
004090,한국석유공업,OK,1552,2020-01-02 00:00:00,2026-05-04 00:00:00
000650,천일고속,OK,1552,2020-01-02 00:00:00,2026-05-04 00:00:00
000430,대원강업,OK,1552,2020-01-02 00:00:00,2026-05-04 00:00:00
001080,만호제강,OK,1552,2020-01-02 00:00:00,2026-05-04 00:00:00
004700,조광피혁,OK,1552,2020-01-02 00:00:00,2026-05-04 00:00:00
004360,세방,OK,1552,2020-01-02 00:00:00,2026-05-04 00:00:00
008970,KBI동양철관,OK,1552,2020-01-02 00:00:00,2026-05-04 00:00:00
002880,대유에이텍,OK,1552,2020-01-02 00:00:00,2026-05-04 00:00:00
001260,남광토건,OK,1552,2020-01-02 00:00:00,2026-05-04 00:00:00
005680,삼영전자공업,OK,1552,2020-01-02 00:00:00,2026-05-04 00:00:00
005800,신영와코루,OK,1552,2020-01-02 00:00:00,2026-05-04 00:00:00
002630,오리엔트바이오,OK,1552,2020-01-02 00:00:00,2026-05-04 00:00:00
001550,조비,OK,1552,2020-01-02 00:00:00,2026-05-04 00:00:00
005430,한국공항,OK,1552,2020-01-02 00:00:00,2026-05-04 00:00:00
004910,조광페인트,OK,1552,2020-01-02 00:00:00,2026-05-04 00:00:00
003080,SB성보,OK,1552,2020-01-02 00:00:00,2026-05-04 00:00:00
004690,삼천리,OK,1552,2020-01-02 00:00:00,2026-05-04 00:00:00
002600,조흥,OK,1552,2020-01-02 00:00:00,2026-05-04 00:00:00
001570,금양,OK,1552,2020-01-02 00:00:00,2026-05-04 00:00:00
003960,사조대림,OK,1552,2020-01-02 00:00:00,2026-05-04 00:00:00
002070,비비안,OK,1552,2020-01-02 00:00:00,2026-05-04 00:00:00
003570,SNT다이내믹스,OK,1552,2020-01-02 00:00:00,2026-05-04 00:00:00
004960,한신공영,OK,1552,2020-01-02 00:00:00,2026-05-04 00:00:00
004370,농심,OK,1552,2020-01-02 00:00:00,2026-05-04 00:00:00
003720,삼영,OK,1552,2020-01-02 00:00:00,2026-05-04 00:00:00
004980,성신양회,OK,1552,2020-01-02 00:00:00,2026-05-04 00:00:00
004970,신라교역,OK,1552,2020-01-02 00:00:00,2026-05-04 00:00:00
002870,신풍,OK,1552,2020-01-02 00:00:00,2026-05-04 00:00:00
001630,종근당홀딩스,OK,1552,2020-01-02 00:00:00,2026-05-04 00:00:00
005740,크라운해태홀딩스,OK,1552,2020-01-02 00:00:00,2026-05-04 00:00:00
002390,한독,OK,1552,2020-01-02 00:00:00,2026-05-04 00:00:00
001380,SG글로벌,OK,1552,2020-01-02 00:00:00,2026-05-04 00:00:00
006120,SK디스커버리,OK,1552,2020-01-02 00:00:00,2026-05-04 00:00:00
007540,샘표,OK,1552,2020-01-02 00:00:00,2026-05-04 00:00:00
003280,흥아해운,OK,1552,2020-01-02 00:00:00,2026-05-04 00:00:00
001250,GS글로벌,OK,1552,2020-01-02 00:00:00,2026-05-04 00:00:00
002990,금호건설,OK,1552,2020-01-02 00:00:00,2026-05-04 00:00:00
001470,삼부토건,OK,1552,2020-01-02 00:00:00,2026-05-04 00:00:00
001820,삼화콘덴서공업,OK,1552,2020-01-02 00:00:00,2026-05-04 00:00:00
001020,페이퍼코리아,OK,1552,2020-01-02 00:00:00,2026-05-04 00:00:00
001520,동양,OK,1552,2020-01-02 00:00:00,2026-05-04 00:00:00
000880,한화,OK,1552,2020-01-02 00:00:00,2026-05-04 00:00:00
001060,JW중외제약,OK,1552,2020-01-02 00:00:00,2026-05-04 00:00:00
000670,영풍,OK,1552,2020-01-02 00:00:00,2026-05-04 00:00:00
001340,PKC,OK,1552,2020-01-02 00:00:00,2026-05-04 00:00:00
000180,성창기업지주,OK,1552,2020-01-02 00:00:00,2026-05-04 00:00:00
005110,한창,OK,1552,2020-01-02 00:00:00,2026-05-04 00:00:00
004450,삼화왕관,OK,1552,2020-01-02 00:00:00,2026-05-04 00:00:00
000040,KR모터스,OK,1552,2020-01-02 00:00:00,2026-05-04 00:00:00
002240,고려제강,OK,1552,2020-01-02 00:00:00,2026-05-04 00:00:00
004100,태양금속공업,OK,1552,2020-01-02 00:00:00,2026-05-04 00:00:00
002820,SUN&L,OK,1552,2020-01-02 00:00:00,2026-05-04 00:00:00
004840,DRB동일,OK,1552,2020-01-02 00:00:00,2026-05-04 00:00:00
002350,넥센타이어,OK,1552,2020-01-02 00:00:00,2026-05-04 00:00:00
004060,SG세계물산,OK,1552,2020-01-02 00:00:00,2026-05-04 00:00:00
004000,롯데정밀화학,OK,1552,2020-01-02 00:00:00,2026-05-04 00:00:00
000020,동화약품,OK,1552,2020-01-02 00:00:00,2026-05-04 00:00:00
000210,DL,OK,1552,2020-01-02 00:00:00,2026-05-04 00:00:00
001120,LX인터내셔널,OK,1552,2020-01-02 00:00:00,2026-05-04 00:00:00
002720,국제약품,OK,1552,2020-01-02 00:00:00,2026-05-04 00:00:00
003240,태광산업,OK,1552,2020-01-02 00:00:00,2026-05-04 00:00:00
005030,부산주공,OK,1552,2020-01-02 00:00:00,2026-05-04 00:00:00
000590,CS홀딩스,OK,1552,2020-01-02 00:00:00,2026-05-04 00:00:00
000990,DB하이텍,OK,1552,2020-01-02 00:00:00,2026-05-04 00:00:00
006570,대림통상,OK,1552,2020-01-02 00:00:00,2026-05-04 00:00:00
000220,유유제약,OK,1552,2020-01-02 00:00:00,2026-05-04 00:00:00
000860,강남제비스코,OK,1552,2020-01-02 00:00:00,2026-05-04 00:00:00
003540,대신증권,OK,1552,2020-01-02 00:00:00,2026-05-04 00:00:00
005940,NH투자증권,OK,1552,2020-01-02 00:00:00,2026-05-04 00:00:00
006800,미래에셋증권,OK,1552,2020-01-02 00:00:00,2026-05-04 00:00:00
002700,신일전자,OK,1552,2020-01-02 00:00:00,2026-05-04 00:00:00
001360,삼성제약,OK,1552,2020-01-02 00:00:00,2026-05-04 00:00:00
000810,삼성화재해상보험,OK,1552,2020-01-02 00:00:00,2026-05-04 00:00:00
003230,삼양식품,OK,1552,2020-01-02 00:00:00,2026-05-04 00:00:00
000370,한화손해보험,OK,1552,2020-01-02 00:00:00,2026-05-04 00:00:00
008260,NI스틸,OK,1552,2020-01-02 00:00:00,2026-05-04 00:00:00
000230,일동홀딩스,OK,1552,2020-01-02 00:00:00,2026-05-04 00:00:00
000490,대동,OK,1552,2020-01-02 00:00:00,2026-05-04 00:00:00
001800,오리온홀딩스,OK,1552,2020-01-02 00:00:00,2026-05-04 00:00:00
004540,깨끗한나라,OK,1552,2020-01-02 00:00:00,2026-05-04 00:00:00
001420,태원물산,OK,1552,2020-01-02 00:00:00,2026-05-04 00:00:00
002020,코오롱,OK,1552,2020-01-02 00:00:00,2026-05-04 00:00:00
005930,삼성전자,OK,1552,2020-01-02 00:00:00,2026-05-04 00:00:00
000300,DH오토넥스,OK,1552,2020-01-02 00:00:00,2026-05-04 00:00:00
001460,BYC,OK,1552,2020-01-02 00:00:00,2026-05-04 00:00:00
003620,KG모빌리티,OK,1552,2020-01-02 00:00:00,2026-05-04 00:00:00
005610,SPC삼립,OK,1552,2020-01-02 00:00:00,2026-05-04 00:00:00
000540,흥국화재,OK,1552,2020-01-02 00:00:00,2026-05-04 00:00:00
007570,일양약품,OK,1552,2020-01-02 00:00:00,2026-05-04 00:00:00
002320,한진,OK,1552,2020-01-02 00:00:00,2026-05-04 00:00:00
002200,한국수출포장공업,OK,1552,2020-01-02 00:00:00,2026-05-04 00:00:00
005380,현대자동차,OK,1552,2020-01-02 00:00:00,2026-05-04 00:00:00
005360,모나미,OK,1552,2020-01-02 00:00:00,2026-05-04 00:00:00
009830,한화솔루션,OK,1552,2020-01-02 00:00:00,2026-05-04 00:00:00
002030,아세아,OK,1552,2020-01-02 00:00:00,2026-05-04 00:00:00
006380,카프로,OK,1552,2020-01-02 00:00:00,2026-05-04 00:00:00
004990,롯데지주,OK,1552,2020-01-02 00:00:00,2026-05-04 00:00:00
001070,대한방직,OK,1552,2020-01-02 00:00:00,2026-05-04 00:00:00
004410,서울식품공업,OK,1552,2020-01-02 00:00:00,2026-05-04 00:00:00
000680,LS네트웍스,OK,1552,2020-01-02 00:00:00,2026-05-04 00:00:00
001210,금호전기,OK,1552,2020-01-02 00:00:00,2026-05-04 00:00:00
000140,하이트진로홀딩스,OK,1552,2020-01-02 00:00:00,2026-05-04 00:00:00
000320,노루홀딩스,OK,1552,2020-01-02 00:00:00,2026-05-04 00:00:00
000270,기아,OK,1552,2020-01-02 00:00:00,2026-05-04 00:00:00
004800,효성,OK,1552,2020-01-02 00:00:00,2026-05-04 00:00:00
001040,CJ,OK,1552,2020-01-02 00:00:00,2026-05-04 00:00:00
000150,두산,OK,1552,2020-01-02 00:00:00,2026-05-04 00:00:00
005010,휴스틸,OK,1552,2020-01-02 00:00:00,2026-05-04 00:00:00
005830,DB손해보험,OK,1552,2020-01-02 00:00:00,2026-05-04 00:00:00
002900,TYM,OK,1552,2020-01-02 00:00:00,2026-05-04 00:00:00
003090,대웅,OK,1552,2020-01-02 00:00:00,2026-05-04 00:00:00
003780,진양산업,OK,1552,2020-01-02 00:00:00,2026-05-04 00:00:00
003520,영진약품,OK,1552,2020-01-02 00:00:00,2026-05-04 00:00:00
002380,케이씨씨,OK,1552,2020-01-02 00:00:00,2026-05-04 00:00:00
005300,롯데칠성음료,OK,1552,2020-01-02 00:00:00,2026-05-04 00:00:00
003200,일신방직,OK,1552,2020-01-02 00:00:00,2026-05-04 00:00:00
002790,아모레퍼시픽홀딩스,OK,1552,2020-01-02 00:00:00,2026-05-04 00:00:00
006220,제주은행,OK,1552,2020-01-02 00:00:00,2026-05-04 00:00:00
004150,한솔홀딩스,OK,1552,2020-01-02 00:00:00,2026-05-04 00:00:00
007210,벽산,OK,1552,2020-01-02 00:00:00,2026-05-04 00:00:00
000400,롯데손해보험,OK,1552,2020-01-02 00:00:00,2026-05-04 00:00:00
001130,대한제분,OK,1552,2020-01-02 00:00:00,2026-05-04 00:00:00
001680,대상,OK,1552,2020-01-02 00:00:00,2026-05-04 00:00:00
003550,LG,OK,1552,2020-01-02 00:00:00,2026-05-04 00:00:00
000640,동아쏘시오홀딩스,OK,1552,2020-01-02 00:00:00,2026-05-04 00:00:00
003690,코리안리,OK,1552,2020-01-02 00:00:00,2026-05-04 00:00:00
000970,한국주철관공업,OK,1552,2020-01-02 00:00:00,2026-05-04 00:00:00
003300,한일홀딩스,OK,1552,2020-01-02 00:00:00,2026-05-04 00:00:00
004250,엔피씨,OK,1552,2020-01-02 00:00:00,2026-05-04 00:00:00
003030,세아제강지주,OK,1552,2020-01-02 00:00:00,2026-05-04 00:00:00
001440,대한전선,OK,1552,2020-01-02 00:00:00,2026-05-04 00:00:00
001790,대한제당,OK,1552,2020-01-02 00:00:00,2026-05-04 00:00:00
000070,삼양홀딩스,OK,1552,2020-01-02 00:00:00,2026-05-04 00:00:00
002420,세기상사,OK,1552,2020-01-02 00:00:00,2026-05-04 00:00:00
000240,한국앤컴퍼니,OK,1552,2020-01-02 00:00:00,2026-05-04 00:00:00
000950,전방,OK,1552,2020-01-02 00:00:00,2026-05-04 00:00:00
003490,대한항공,OK,1552,2020-01-02 00:00:00,2026-05-04 00:00:00
001530,디아이동일,OK,1552,2020-01-02 00:00:00,2026-05-04 00:00:00
000100,유한양행,OK,1552,2020-01-02 00:00:00,2026-05-04 00:00:00
000120,CJ대한통운,OK,1552,2020-01-02 00:00:00,2026-05-04 00:00:00
000050,경방,OK,1552,2020-01-02 00:00:00,2026-05-04 00:00:00
000700,유수홀딩스,OK,1552,2020-01-02 00:00:00,2026-05-04 00:00:00
003480,한진중공업홀딩스,OK,1552,2020-01-02 00:00:00,2026-05-04 00:00:00
